{
  "annotations": {
    "list": [
      {
        "builtIn": 1,
        "datasource": "-- Grafana --",
        "enable": true,
        "hide": true,
        "iconColor": "rgba(0, 211, 255, 1)",
        "limit": 100,
        "name": "Annotations & Alerts",
        "showIn": 0,
        "type": "dashboard"
      }
    ]
  },
  "description": "Some live-stats for the Brave New World series",
  "editable": true,
  "gnetId": null,
  "graphTooltip": 0,
  "id": 7,
  "links": [
    {
      "icon": "external link",
      "tags": [
        "factorio"
      ],
      "type": "dashboards"
    }
  ],
  "panels": [
    {
      "collapsed": false,
      "datasource": null,
      "gridPos": {
        "h": 1,
        "w": 24,
        "x": 0,
        "y": 0
      },
      "id": 28,
      "panels": [],
      "title": "Science / minute",
      "type": "row"
    },
    {
      "datasource": null,
      "description": "",
      "fieldConfig": {
        "defaults": {
          "custom": {
            "align": null
          },
          "decimals": 1,
          "mappings": [],
          "min": 0,
          "thresholds": {
            "mode": "percentage",
            "steps": [
              {
                "color": "red",
                "value": null
              },
              {
                "color": "#EAB839",
                "value": 30
              },
              {
                "color": "green",
                "value": 70
              }
            ]
          },
          "unit": "short"
        },
        "overrides": []
      },
      "gridPos": {
        "h": 6,
        "w": 4,
        "x": 0,
        "y": 1
      },
      "id": 21,
      "options": {
        "colorMode": "value",
        "graphMode": "area",
        "justifyMode": "center",
        "orientation": "auto",
        "reduceOptions": {
          "calcs": [
            "last"
          ],
          "fields": "",
          "values": false
        },
        "textMode": "auto"
      },
      "pluginVersion": "7.1.0",
      "targets": [
        {
          "expr": "rate(factorio_item_production_input{name=\"automation-science-pack\"}[1m])*80",
          "interval": "",
          "legendFormat": "Red",
          "refId": "B",
          "target": "randomWalk('myName')"
        }
      ],
      "timeFrom": null,
      "timeShift": null,
      "title": "Red",
      "transformations": [],
      "type": "stat"
    },
    {
      "datasource": null,
      "fieldConfig": {
        "defaults": {
          "custom": {
            "align": null
          },
          "decimals": 1,
          "mappings": [],
          "min": 0,
          "thresholds": {
            "mode": "percentage",
            "steps": [
              {
                "color": "red",
                "value": null
              },
              {
                "color": "#EAB839",
                "value": 30
              },
              {
                "color": "green",
                "value": 70
              }
            ]
          },
          "unit": "short"
        },
        "overrides": []
      },
      "gridPos": {
        "h": 6,
        "w": 4,
        "x": 4,
        "y": 1
      },
      "id": 22,
      "options": {
        "colorMode": "value",
        "graphMode": "area",
        "justifyMode": "center",
        "orientation": "auto",
        "reduceOptions": {
          "calcs": [
            "last"
          ],
          "fields": "",
          "values": false
        },
        "textMode": "auto"
      },
      "pluginVersion": "7.1.0",
      "targets": [
        {
          "expr": "rate(factorio_item_production_input{name=\"logistic-science-pack\"}[1m])*80",
          "interval": "",
          "legendFormat": "Green",
          "refId": "C",
          "target": "randomWalk('myName')"
        }
      ],
      "timeFrom": null,
      "timeShift": null,
      "title": "Green",
      "transformations": [],
      "type": "stat"
    },
    {
      "datasource": null,
      "fieldConfig": {
        "defaults": {
          "custom": {
            "align": null
          },
          "decimals": 1,
          "mappings": [],
          "min": 0,
          "thresholds": {
            "mode": "percentage",
            "steps": [
              {
                "color": "red",
                "value": null
              },
              {
                "color": "#EAB839",
                "value": 30
              },
              {
                "color": "green",
                "value": 70
              }
            ]
          },
          "unit": "short"
        },
        "overrides": []
      },
      "gridPos": {
        "h": 6,
        "w": 4,
        "x": 8,
        "y": 1
      },
      "id": 23,
      "options": {
        "colorMode": "value",
        "graphMode": "area",
        "justifyMode": "center",
        "orientation": "auto",
        "reduceOptions": {
          "calcs": [
            "last"
          ],
          "fields": "",
          "values": false
        },
        "textMode": "auto"
      },
      "pluginVersion": "7.1.0",
      "targets": [
        {
          "expr": "rate(factorio_item_production_input{name=\"chemical-science-pack\"}[1m])*80",
          "interval": "",
          "legendFormat": "Blue",
          "refId": "E",
          "target": "randomWalk('myName')"
        }
      ],
      "timeFrom": null,
      "timeShift": null,
      "title": "Blue",
      "transformations": [],
      "type": "stat"
    },
    {
      "datasource": null,
      "fieldConfig": {
        "defaults": {
          "custom": {
            "align": null
          },
          "decimals": 1,
          "mappings": [],
          "min": 0,
          "thresholds": {
            "mode": "percentage",
            "steps": [
              {
                "color": "red",
                "value": null
              },
              {
                "color": "#EAB839",
                "value": 30
              },
              {
                "color": "green",
                "value": 70
              }
            ]
          },
          "unit": "short"
        },
        "overrides": []
      },
      "gridPos": {
        "h": 6,
        "w": 4,
        "x": 12,
        "y": 1
      },
      "id": 24,
      "options": {
        "colorMode": "value",
        "graphMode": "area",
        "justifyMode": "center",
        "orientation": "auto",
        "reduceOptions": {
          "calcs": [
            "last"
          ],
          "fields": "",
          "values": false
        },
        "textMode": "auto"
      },
      "pluginVersion": "7.1.0",
      "targets": [
        {
          "expr": "rate(factorio_item_production_input{name=\"production-science-pack\"}[1m])*80",
          "interval": "",
          "legendFormat": "Purple",
          "refId": "F",
          "target": "randomWalk('myName')"
        }
      ],
      "timeFrom": null,
      "timeShift": null,
      "title": "Purple",
      "transformations": [],
      "type": "stat"
    },
    {
      "datasource": null,
      "fieldConfig": {
        "defaults": {
          "custom": {
            "align": null
          },
          "decimals": 1,
          "mappings": [],
          "min": 0,
          "thresholds": {
            "mode": "percentage",
            "steps": [
              {
                "color": "red",
                "value": null
              },
              {
                "color": "#EAB839",
                "value": 30
              },
              {
                "color": "green",
                "value": 70
              }
            ]
          },
          "unit": "short"
        },
        "overrides": []
      },
      "gridPos": {
        "h": 6,
        "w": 4,
        "x": 16,
        "y": 1
      },
      "id": 25,
      "options": {
        "colorMode": "value",
        "graphMode": "area",
        "justifyMode": "center",
        "orientation": "auto",
        "reduceOptions": {
          "calcs": [
            "last"
          ],
          "fields": "",
          "values": false
        },
        "textMode": "auto"
      },
      "pluginVersion": "7.1.0",
      "targets": [
        {
          "expr": "rate(factorio_item_production_input{name=\"utility-science-pack\"}[1m])*80",
          "interval": "",
          "legendFormat": "Yellow",
          "refId": "G",
          "target": "randomWalk('myName')"
        }
      ],
      "timeFrom": null,
      "timeShift": null,
      "title": "Yellow",
      "transformations": [],
      "type": "stat"
    },
    {
      "datasource": null,
      "fieldConfig": {
        "defaults": {
          "custom": {
            "align": null
          },
          "decimals": 1,
          "mappings": [],
          "min": 0,
          "thresholds": {
            "mode": "percentage",
            "steps": [
              {
                "color": "red",
                "value": null
              },
              {
                "color": "#EAB839",
                "value": 30
              },
              {
                "color": "green",
                "value": 70
              }
            ]
          },
          "unit": "short"
        },
        "overrides": []
      },
      "gridPos": {
        "h": 6,
        "w": 4,
        "x": 20,
        "y": 1
      },
      "id": 26,
      "options": {
        "colorMode": "value",
        "graphMode": "area",
        "justifyMode": "center",
        "orientation": "auto",
        "reduceOptions": {
          "calcs": [
            "last"
          ],
          "fields": "",
          "values": false
        },
        "textMode": "auto"
      },
      "pluginVersion": "7.1.0",
      "targets": [
        {
          "expr": "rate(factorio_item_production_input{name=\"space-science-pack\"}[5m])*80",
          "interval": "",
          "legendFormat": "Rocket",
          "refId": "H",
          "target": "randomWalk('myName')"
        }
      ],
      "timeFrom": null,
      "timeShift": null,
      "title": "Space",
      "transformations": [],
      "type": "stat"
    },
    {
      "collapsed": false,
      "datasource": null,
      "gridPos": {
        "h": 1,
        "w": 24,
        "x": 0,
        "y": 7
      },
      "id": 30,
      "panels": [],
      "title": "Circuits / minute",
      "type": "row"
    },
    {
      "datasource": null,
      "fieldConfig": {
        "defaults": {
          "custom": {},
          "decimals": 1,
          "mappings": [],
          "min": 0,
          "thresholds": {
            "mode": "percentage",
            "steps": [
              {
                "color": "red",
                "value": null
              },
              {
                "color": "#EAB839",
                "value": 30
              },
              {
                "color": "green",
                "value": 70
              }
            ]
          },
          "unit": "short"
        },
        "overrides": []
      },
      "gridPos": {
        "h": 6,
        "w": 8,
        "x": 0,
        "y": 8
      },
      "id": 31,
      "options": {
        "colorMode": "value",
        "graphMode": "area",
        "justifyMode": "center",
        "orientation": "auto",
        "reduceOptions": {
          "calcs": [
            "last"
          ],
          "fields": "",
          "values": false
        },
        "textMode": "auto"
      },
      "pluginVersion": "7.1.0",
      "targets": [
        {
          "expr": "rate(factorio_item_production_input{name=\"electronic-circuit\"}[1m])*80",
          "interval": "",
          "legendFormat": "Green",
          "refId": "A",
          "target": "randomWalk('myName')"
        }
      ],
      "timeFrom": null,
      "timeShift": null,
      "title": "Green",
      "transformations": [],
      "type": "stat"
    },
    {
      "datasource": null,
      "fieldConfig": {
        "defaults": {
          "custom": {},
          "decimals": 1,
          "mappings": [],
          "min": 0,
          "thresholds": {
            "mode": "percentage",
            "steps": [
              {
                "color": "red",
                "value": null
              },
              {
                "color": "#EAB839",
                "value": 30
              },
              {
                "color": "green",
                "value": 70
              }
            ]
          },
          "unit": "short"
        },
        "overrides": []
      },
      "gridPos": {
        "h": 6,
        "w": 8,
        "x": 8,
        "y": 8
      },
      "id": 33,
      "options": {
        "colorMode": "value",
        "graphMode": "area",
        "justifyMode": "center",
        "orientation": "auto",
        "reduceOptions": {
          "calcs": [
            "last"
          ],
          "fields": "",
          "values": false
        },
        "textMode": "auto"
      },
      "pluginVersion": "7.1.0",
      "targets": [
        {
          "expr": "rate(factorio_item_production_input{name=\"advanced-circuit\"}[1m])*80",
          "interval": "",
          "legendFormat": "Red",
          "refId": "B",
          "target": "randomWalk('myName')"
        }
      ],
      "timeFrom": null,
      "timeShift": null,
      "title": "Red",
      "transformations": [],
      "type": "stat"
    },
    {
      "datasource": null,
      "fieldConfig": {
        "defaults": {
          "custom": {},
          "decimals": 1,
          "mappings": [],
          "min": 0,
          "thresholds": {
            "mode": "percentage",
            "steps": [
              {
                "color": "red",
                "value": null
              },
              {
                "color": "#EAB839",
                "value": 30
              },
              {
                "color": "green",
                "value": 70
              }
            ]
          },
          "unit": "short"
        },
        "overrides": []
      },
      "gridPos": {
        "h": 6,
        "w": 8,
        "x": 16,
        "y": 8
      },
      "id": 32,
      "options": {
        "colorMode": "value",
        "graphMode": "area",
        "justifyMode": "center",
        "orientation": "auto",
        "reduceOptions": {
          "calcs": [
            "last"
          ],
          "fields": "",
          "values": false
        },
        "textMode": "auto"
      },
      "pluginVersion": "7.1.0",
      "targets": [
        {
          "expr": "rate(factorio_item_production_input{name=\"processing-unit\"}[1m])*80",
          "interval": "",
          "legendFormat": "Blue",
          "refId": "C",
          "target": "randomWalk('myName')"
        }
      ],
      "timeFrom": null,
      "timeShift": null,
      "title": "Blue",
      "transformations": [],
      "type": "stat"
    },
    {
      "collapsed": false,
      "datasource": null,
      "gridPos": {
        "h": 1,
        "w": 24,
        "x": 0,
        "y": 14
      },
      "id": 8,
      "panels": [],
      "title": "Materials / minute",
      "type": "row"
    },
    {
      "datasource": null,
      "fieldConfig": {
        "defaults": {
          "custom": {},
          "decimals": 1,
          "mappings": [],
          "min": 0,
          "thresholds": {
            "mode": "percentage",
            "steps": [
              {
                "color": "red",
                "value": null
              },
              {
                "color": "#EAB839",
                "value": 30
              },
              {
                "color": "green",
                "value": 70
              }
            ]
          },
          "unit": "short"
        },
        "overrides": []
      },
      "gridPos": {
        "h": 6,
        "w": 6,
        "x": 0,
        "y": 15
      },
      "id": 34,
      "options": {
        "colorMode": "value",
        "graphMode": "area",
        "justifyMode": "center",
        "orientation": "auto",
        "reduceOptions": {
          "calcs": [
            "last"
          ],
          "fields": "",
          "values": false
        },
        "textMode": "auto"
      },
      "pluginVersion": "7.1.0",
      "targets": [
        {
          "expr": "rate(factorio_item_production_input{name=\"iron-plate\"}[1m])*80",
          "interval": "",
          "legendFormat": "Iron",
          "refId": "B",
          "target": "randomWalk('myName')"
        }
      ],
      "timeFrom": null,
      "timeShift": null,
      "title": "Iron",
      "transformations": [],
      "type": "stat"
    },
    {
      "datasource": null,
      "fieldConfig": {
        "defaults": {
          "custom": {},
          "decimals": 1,
          "mappings": [],
          "min": 0,
          "thresholds": {
            "mode": "percentage",
            "steps": [
              {
                "color": "red",
                "value": null
              },
              {
                "color": "#EAB839",
                "value": 30
              },
              {
                "color": "green",
                "value": 70
              }
            ]
          },
          "unit": "short"
        },
        "overrides": []
      },
      "gridPos": {
        "h": 6,
        "w": 6,
        "x": 6,
        "y": 15
      },
      "id": 35,
      "options": {
        "colorMode": "value",
        "graphMode": "area",
        "justifyMode": "center",
        "orientation": "auto",
        "reduceOptions": {
          "calcs": [
            "last"
          ],
          "fields": "",
          "values": false
        },
        "textMode": "auto"
      },
      "pluginVersion": "7.1.0",
      "targets": [
        {
          "expr": "rate(factorio_item_production_input{name=\"copper-plate\"}[1m])*80",
          "interval": "",
          "legendFormat": "Copper",
          "refId": "A",
          "target": "randomWalk('myName')"
        }
      ],
      "timeFrom": null,
      "timeShift": null,
      "title": "Copper",
      "transformations": [],
      "type": "stat"
    },
    {
      "datasource": null,
      "fieldConfig": {
        "defaults": {
          "custom": {},
          "decimals": 1,
          "mappings": [],
          "min": 0,
          "thresholds": {
            "mode": "percentage",
            "steps": [
              {
                "color": "red",
                "value": null
              },
              {
                "color": "#EAB839",
                "value": 30
              },
              {
                "color": "green",
                "value": 70
              }
            ]
          },
          "unit": "short"
        },
        "overrides": []
      },
      "gridPos": {
        "h": 6,
        "w": 6,
        "x": 12,
        "y": 15
      },
      "id": 36,
      "options": {
        "colorMode": "value",
        "graphMode": "area",
        "justifyMode": "center",
        "orientation": "auto",
        "reduceOptions": {
          "calcs": [
            "last"
          ],
          "fields": "",
          "values": false
        },
        "textMode": "auto"
      },
      "pluginVersion": "7.1.0",
      "targets": [
        {
          "expr": "rate(factorio_item_production_input{name=\"plastic-bar\"}[1m])*80",
          "interval": "",
          "legendFormat": "Plastic",
          "refId": "D",
          "target": "randomWalk('myName')"
        }
      ],
      "timeFrom": null,
      "timeShift": null,
      "title": "Plastic",
      "transformations": [],
      "type": "stat"
    },
    {
      "datasource": null,
      "fieldConfig": {
        "defaults": {
          "custom": {},
          "decimals": 1,
          "mappings": [],
          "min": 0,
          "thresholds": {
            "mode": "percentage",
            "steps": [
              {
                "color": "red",
                "value": null
              },
              {
                "color": "#EAB839",
                "value": 30
              },
              {
                "color": "green",
                "value": 70
              }
            ]
          },
          "unit": "short"
        },
        "overrides": []
      },
      "gridPos": {
        "h": 6,
        "w": 6,
        "x": 18,
        "y": 15
      },
      "id": 37,
      "options": {
        "colorMode": "value",
        "graphMode": "area",
        "justifyMode": "center",
        "orientation": "auto",
        "reduceOptions": {
          "calcs": [
            "last"
          ],
          "fields": "",
          "values": false
        },
        "textMode": "auto"
      },
      "pluginVersion": "7.1.0",
      "targets": [
        {
          "expr": "rate(factorio_item_production_input{name=\"steel-plate\"}[1m])*80",
          "interval": "",
          "legendFormat": "Steel",
          "refId": "C",
          "target": "randomWalk('myName')"
        }
      ],
      "timeFrom": null,
      "timeShift": null,
      "title": "Steel",
      "transformations": [],
      "type": "stat"
    },
    {
      "collapsed": false,
      "datasource": null,
      "gridPos": {
        "h": 1,
        "w": 24,
        "x": 0,
        "y": 21
      },
      "id": 44,
      "panels": [],
      "title": "Components / minute",
      "type": "row"
    },
    {
      "datasource": null,
      "fieldConfig": {
        "defaults": {
          "custom": {},
          "decimals": 1,
          "mappings": [],
          "min": 0,
          "thresholds": {
            "mode": "percentage",
            "steps": [
              {
                "color": "red",
                "value": null
              },
              {
                "color": "#EAB839",
                "value": 30
              },
              {
                "color": "green",
                "value": 70
              }
            ]
          },
          "unit": "short"
        },
        "overrides": []
      },
      "gridPos": {
        "h": 6,
        "w": 4,
        "x": 0,
        "y": 22
      },
      "id": 38,
      "options": {
        "colorMode": "value",
        "graphMode": "area",
        "justifyMode": "center",
        "orientation": "auto",
        "reduceOptions": {
          "calcs": [
            "last"
          ],
          "fields": "",
          "values": false
        },
        "textMode": "auto"
      },
      "pluginVersion": "7.1.0",
      "targets": [
        {
          "expr": "rate(factorio_item_production_input{name=\"battery\"}[1m])*80",
          "interval": "",
          "legendFormat": "Battery",
          "refId": "E",
          "target": "randomWalk('myName')"
        }
      ],
      "timeFrom": null,
      "timeShift": null,
      "title": "Battery",
      "transformations": [],
      "type": "stat"
    },
    {
      "datasource": null,
      "fieldConfig": {
        "defaults": {
          "custom": {},
          "decimals": 1,
          "mappings": [],
          "min": 0,
          "thresholds": {
            "mode": "percentage",
            "steps": [
              {
                "color": "red",
                "value": null
              },
              {
                "color": "#EAB839",
                "value": 30
              },
              {
                "color": "green",
                "value": 70
              }
            ]
          },
          "unit": "short"
        },
        "overrides": []
      },
      "gridPos": {
        "h": 6,
        "w": 5,
        "x": 4,
        "y": 22
      },
      "id": 39,
      "options": {
        "colorMode": "value",
        "graphMode": "area",
        "justifyMode": "center",
        "orientation": "auto",
        "reduceOptions": {
          "calcs": [
            "last"
          ],
          "fields": "",
          "values": false
        },
        "textMode": "auto"
      },
      "pluginVersion": "7.1.0",
      "targets": [
        {
          "expr": "rate(factorio_item_production_input{name=\"flying-robot-frame\"}[1m])*80",
          "interval": "",
          "legendFormat": "Flying Robot Frame",
          "refId": "E",
          "target": "randomWalk('myName')"
        }
      ],
      "timeFrom": null,
      "timeShift": null,
      "title": "Flying Robot Frame",
      "transformations": [],
      "type": "stat"
    },
    {
      "datasource": null,
      "fieldConfig": {
        "defaults": {
          "custom": {},
          "decimals": 1,
          "mappings": [],
          "min": 0,
          "thresholds": {
            "mode": "percentage",
            "steps": [
              {
                "color": "red",
                "value": null
              },
              {
                "color": "#EAB839",
                "value": 30
              },
              {
                "color": "green",
                "value": 70
              }
            ]
          },
          "unit": "short"
        },
        "overrides": []
      },
      "gridPos": {
        "h": 6,
        "w": 5,
        "x": 9,
        "y": 22
      },
      "id": 40,
      "options": {
        "colorMode": "value",
        "graphMode": "area",
        "justifyMode": "center",
        "orientation": "auto",
        "reduceOptions": {
          "calcs": [
            "last"
          ],
          "fields": "",
          "values": false
        },
        "textMode": "auto"
      },
      "pluginVersion": "7.1.0",
      "targets": [
        {
          "expr": "rate(factorio_item_production_input{name=\"low-density-structure\"}[2m])*80",
          "interval": "",
          "legendFormat": "Low Density Structure",
          "refId": "E",
          "target": "randomWalk('myName')"
        }
      ],
      "timeFrom": null,
      "timeShift": null,
      "title": "Low Density Structure",
      "transformations": [],
      "type": "stat"
    },
    {
      "datasource": null,
      "fieldConfig": {
        "defaults": {
          "custom": {},
          "decimals": 1,
          "mappings": [],
          "min": 0,
          "thresholds": {
            "mode": "percentage",
            "steps": [
              {
                "color": "red",
                "value": null
              },
              {
                "color": "#EAB839",
                "value": 30
              },
              {
                "color": "green",
                "value": 70
              }
            ]
          },
          "unit": "short"
        },
        "overrides": []
      },
      "gridPos": {
        "h": 6,
        "w": 5,
        "x": 14,
        "y": 22
      },
      "id": 41,
      "options": {
        "colorMode": "value",
        "graphMode": "area",
        "justifyMode": "center",
        "orientation": "auto",
        "reduceOptions": {
          "calcs": [
            "last"
          ],
          "fields": "",
          "values": false
        },
        "textMode": "auto"
      },
      "pluginVersion": "7.1.0",
      "targets": [
        {
          "expr": "rate(factorio_item_production_input{name=\"rocket-control-unit\"}[2m])*80",
          "interval": "",
          "legendFormat": "Rocket Control Unit",
          "refId": "E",
          "target": "randomWalk('myName')"
        }
      ],
      "timeFrom": null,
      "timeShift": null,
      "title": "Rocket Control Unit",
      "transformations": [],
      "type": "stat"
    },
    {
      "datasource": null,
      "fieldConfig": {
        "defaults": {
          "custom": {},
          "decimals": 1,
          "mappings": [],
          "min": 0,
          "thresholds": {
            "mode": "percentage",
            "steps": [
              {
                "color": "red",
                "value": null
              },
              {
                "color": "#EAB839",
                "value": 30
              },
              {
                "color": "green",
                "value": 70
              }
            ]
          },
          "unit": "short"
        },
        "overrides": []
      },
      "gridPos": {
        "h": 6,
        "w": 5,
        "x": 19,
        "y": 22
      },
      "id": 42,
      "options": {
        "colorMode": "value",
        "graphMode": "area",
        "justifyMode": "center",
        "orientation": "auto",
        "reduceOptions": {
          "calcs": [
            "last"
          ],
          "fields": "",
          "values": false
        },
        "textMode": "auto"
      },
      "pluginVersion": "7.1.0",
      "targets": [
        {
          "expr": "rate(factorio_item_production_input{name=\"rocket-fuel\"}[2m])*80",
          "interval": "",
          "legendFormat": "Rocket Fuel",
          "refId": "E",
          "target": "randomWalk('myName')"
        }
      ],
      "timeFrom": null,
      "timeShift": null,
      "title": "Rocket Fuel",
      "transformations": [],
      "type": "stat"
    }
  ],
  "refresh": "30s",
  "schemaVersion": 26,
  "style": "dark",
  "tags": [
    "factorio"
  ],
  "templating": {
    "list": []
  },
  "time": {
    "from": "now-4h",
    "to": "now"
  },
  "timepicker": {
    "hidden": false,
    "refresh_intervals": [
      "30s",
      "1m",
      "5m"
    ]
  },
  "timezone": "",
  "title": "Production",
  "uid": "05YPha4Gz",
  "version": 8
}
